# Name,   Type, SubType, Offset,  Size, Flags
nvs,      data, nvs,     ,         0x6000,
phy_init, data, phy,     ,         0x1000,
factory,  app,  factory, ,         0x7F0000,
# The last panic's core dump, written by the panic handler and kept across the
# PMIC power cycle every warm reset becomes; see docs/notes/Debugging.md.
coredump, data, coredump, ,        0x10000,
# Content the firmware maps and reads in place; see docs/assets/README.md. 0x40 is
# the first application data subtype. It ends at the end of the 16 MB flash.
assets,   data, 0x40,    0x810000, 0x7F0000,
