width,height,frame,t_ms,mean_delta_e,p95_delta_e,ssim
368,448,0,2500,9.1755,27.1260,0.589224
368,448,1,5000,8.7843,22.7837,0.598198
368,448,2,7500,9.0578,25.5136,0.571309
368,448,3,10000,9.6236,29.3748,0.567137
368,448,4,12500,7.8485,23.7638,0.594139
368,448,5,15000,7.7441,25.3367,0.627319
368,448,6,17500,9.4353,26.8070,0.551248
368,448,7,20000,10.1721,27.6928,0.517083
368,448,8,22500,10.6346,29.0221,0.489812
368,448,9,25000,11.1821,33.6785,0.507345
368,448,10,27500,10.1108,32.0000,0.585132
368,448,11,30000,9.9664,28.5094,0.560701
368,448,12,32500,9.5433,28.1065,0.574331
368,448,13,35000,9.0282,27.7655,0.588198
368,358,0,2500,9.1993,27.2374,0.586608
368,358,1,5000,8.7955,22.8063,0.596181
368,358,2,7500,9.0698,25.5310,0.569971
368,358,3,10000,9.6254,29.4001,0.566759
368,358,4,12500,7.8592,23.8317,0.593605
368,358,5,15000,7.7833,25.5236,0.624149
368,358,6,17500,9.4519,26.9089,0.549052
368,358,7,20000,10.1790,27.8000,0.515598
368,358,8,22500,10.6336,29.0114,0.488717
368,358,9,25000,11.1922,33.7155,0.506436
368,358,10,27500,10.1174,32.0553,0.583925
368,358,11,30000,9.9741,28.5636,0.559900
368,358,12,32500,9.5587,28.1422,0.572603
368,358,13,35000,9.0471,27.9155,0.586590
368,298,0,2500,9.2015,27.1640,0.586836
368,298,1,5000,8.7997,22.7953,0.595356
368,298,2,7500,9.0786,25.5530,0.568707
368,298,3,10000,9.6266,29.3867,0.565909
368,298,4,12500,7.8652,23.8408,0.592721
368,298,5,15000,7.8073,25.5709,0.622936
368,298,6,17500,9.4714,27.0321,0.547372
368,298,7,20000,10.1805,27.8357,0.515132
368,298,8,22500,10.6494,29.0490,0.487354
368,298,9,25000,11.2162,33.7855,0.505048
368,298,10,27500,10.1090,32.0000,0.584392
368,298,11,30000,9.9777,28.5513,0.559255
368,298,12,32500,9.5511,28.0854,0.571667
368,298,13,35000,9.0538,27.8764,0.585555
368,224,0,2500,9.2105,27.2561,0.586045
368,224,1,5000,8.8187,22.8837,0.593919
368,224,2,7500,9.0798,25.6091,0.568908
368,224,3,10000,9.6294,29.4666,0.565549
368,224,4,12500,7.8612,23.8497,0.592101
368,224,5,15000,7.7968,25.5236,0.623038
368,224,6,17500,9.4761,27.0104,0.546546
368,224,7,20000,10.2014,27.8913,0.512734
368,224,8,22500,10.6670,29.1643,0.486489
368,224,9,25000,11.2121,33.7836,0.504417
368,224,10,27500,10.1143,32.0138,0.584276
368,224,11,30000,9.9767,28.6158,0.559898
368,224,12,32500,9.5765,28.2094,0.570103
368,224,13,35000,9.0562,27.8848,0.584863
184,448,0,2500,9.2629,27.4876,0.581788
184,448,1,5000,8.8356,22.9549,0.593231
184,448,2,7500,9.1079,25.6209,0.565552
184,448,3,10000,9.6280,29.3602,0.564553
184,448,4,12500,7.8793,23.8307,0.591155
184,448,5,15000,7.8561,25.7192,0.618251
184,448,6,17500,9.5413,27.3490,0.542323
184,448,7,20000,10.2404,28.1285,0.512635
184,448,8,22500,10.6810,29.3533,0.484679
184,448,9,25000,11.2337,33.9644,0.503344
184,448,10,27500,10.1399,32.1639,0.582909
184,448,11,30000,10.0299,28.8354,0.554162
184,448,12,32500,9.6234,28.4136,0.565606
184,448,13,35000,9.1162,28.2336,0.580612
184,358,0,2500,9.2961,27.6596,0.579522
184,358,1,5000,8.8597,23.0467,0.590448
184,358,2,7500,9.1184,25.6187,0.564111
184,358,3,10000,9.6331,29.3553,0.564407
184,358,4,12500,7.8822,23.8876,0.591165
184,358,5,15000,7.8783,25.7861,0.616547
184,358,6,17500,9.5568,27.4012,0.539415
184,358,7,20000,10.2495,28.1381,0.510902
184,358,8,22500,10.6802,29.2860,0.483525
184,358,9,25000,11.2393,33.9644,0.503226
184,358,10,27500,10.1369,32.1612,0.582338
184,358,11,30000,10.0405,28.9117,0.553334
184,358,12,32500,9.6444,28.4863,0.564307
184,358,13,35000,9.1306,28.2378,0.579658
184,298,0,2500,9.2905,27.5606,0.578649
184,298,1,5000,8.8616,23.0467,0.590425
184,298,2,7500,9.1391,25.7743,0.562332
184,298,3,10000,9.6377,29.3553,0.563152
184,298,4,12500,7.8920,23.8675,0.590060
184,298,5,15000,7.9029,25.8827,0.615380
184,298,6,17500,9.5736,27.4014,0.538312
184,298,7,20000,10.2508,28.1615,0.510561
184,298,8,22500,10.7030,29.3748,0.482523
184,298,9,25000,11.2655,34.1281,0.501631
184,298,10,27500,10.1368,32.1500,0.582012
184,298,11,30000,10.0458,28.8742,0.552531
184,298,12,32500,9.6457,28.4484,0.562496
184,298,13,35000,9.1373,28.2964,0.578447
184,224,0,2500,9.3043,27.6779,0.578347
184,224,1,5000,8.8675,23.0564,0.589308
184,224,2,7500,9.1301,25.7117,0.563725
184,224,3,10000,9.6377,29.4105,0.562572
184,224,4,12500,7.8974,23.8911,0.589198
184,224,5,15000,7.8863,25.7877,0.615749
184,224,6,17500,9.5924,27.4919,0.537235
184,224,7,20000,10.2694,28.2794,0.507743
184,224,8,22500,10.7052,29.3748,0.481635
184,224,9,25000,11.2707,34.1987,0.501349
184,224,10,27500,10.1424,32.1639,0.581893
184,224,11,30000,10.0400,28.9604,0.554137
184,224,12,32500,9.6670,28.6101,0.562391
184,224,13,35000,9.1519,28.3037,0.577633
184,179,0,2500,9.3412,27.8384,0.574754
184,179,1,5000,8.9097,23.1829,0.586935
184,179,2,7500,9.1629,25.7380,0.559122
184,179,3,10000,9.6681,29.4884,0.560285
184,179,4,12500,7.9159,23.9330,0.587806
184,179,5,15000,8.0106,26.4361,0.607699
184,179,6,17500,9.6034,27.4444,0.535037
184,179,7,20000,10.3231,28.5187,0.503483
184,179,8,22500,10.6948,29.3186,0.480606
184,179,9,25000,11.2803,34.2709,0.499130
184,179,10,27500,10.1471,32.1434,0.580413
184,179,11,30000,10.0833,29.0114,0.548577
184,179,12,32500,9.7045,28.6035,0.558073
184,179,13,35000,9.1744,28.3417,0.573975
184,149,0,2500,9.3555,27.6978,0.573116
184,149,1,5000,8.9324,23.2400,0.581914
184,149,2,7500,9.1929,25.8451,0.556967
184,149,3,10000,9.6731,29.5386,0.558794
184,149,4,12500,7.9492,24.1771,0.584331
184,149,5,15000,8.0805,26.7757,0.604173
184,149,6,17500,9.6606,27.6573,0.530921
184,149,7,20000,10.3267,28.5187,0.501196
184,149,8,22500,10.7315,29.4109,0.477462
184,149,9,25000,11.2879,34.2641,0.498219
184,149,10,27500,10.1620,32.2532,0.579027
184,149,11,30000,10.0945,29.0163,0.549482
184,149,12,32500,9.7295,28.7221,0.556878
184,149,13,35000,9.2247,28.5461,0.571186
294,358,0,2500,9.2720,27.5534,0.581738
294,358,1,5000,8.8361,23.0452,0.592410
294,358,2,7500,9.0986,25.6679,0.567282
294,358,3,10000,9.6247,29.4298,0.565188
294,358,4,12500,7.8722,23.8626,0.593082
294,358,5,15000,7.8474,25.7111,0.619880
294,358,6,17500,9.5260,27.2294,0.543229
294,358,7,20000,10.2340,28.0653,0.512261
294,358,8,22500,10.6589,29.1673,0.486588
294,358,9,25000,11.2155,33.7869,0.505183
294,358,10,27500,10.1312,32.1023,0.583016
294,358,11,30000,10.0034,28.6830,0.557686
294,358,12,32500,9.6113,28.4481,0.568484
294,358,13,35000,9.1063,28.2113,0.582754
276,336,0,2500,9.2364,27.3365,0.581940
276,336,1,5000,8.8216,22.9473,0.593706
276,336,2,7500,9.0802,25.6091,0.567690
276,336,3,10000,9.6227,29.3553,0.566073
276,336,4,12500,7.8776,23.9133,0.591310
276,336,5,15000,7.8315,25.6866,0.620526
276,336,6,17500,9.5214,27.2908,0.544128
276,336,7,20000,10.2471,28.1692,0.511165
276,336,8,22500,10.6770,29.1845,0.485390
276,336,9,25000,11.2242,33.8717,0.502616
276,336,10,27500,10.1417,32.2034,0.581892
276,336,11,30000,10.0059,28.7492,0.555203
276,336,12,32500,9.6109,28.4112,0.566638
276,336,13,35000,9.1421,28.4720,0.579598
245,298,0,2500,9.2812,27.6338,0.579277
245,298,1,5000,8.8603,23.1004,0.589960
245,298,2,7500,9.1223,25.8427,0.565157
245,298,3,10000,9.6401,29.5512,0.563877
245,298,4,12500,7.8929,23.9020,0.590130
245,298,5,15000,7.8974,25.8871,0.616053
245,298,6,17500,9.5376,27.3791,0.541525
245,298,7,20000,10.2373,28.1838,0.511826
245,298,8,22500,10.7188,29.4962,0.482161
245,298,9,25000,11.2751,34.1281,0.501292
245,298,10,27500,10.1428,32.1918,0.581871
245,298,11,30000,10.0298,28.8794,0.554519
245,298,12,32500,9.5950,28.3233,0.568349
245,298,13,35000,9.1608,28.4553,0.578043
210,256,0,2500,9.3140,27.7702,0.577666
210,256,1,5000,8.8867,23.2534,0.589232
210,256,2,7500,9.1340,25.8941,0.562257
210,256,3,10000,9.6644,29.7349,0.561608
210,256,4,12500,7.8974,23.9425,0.589795
210,256,5,15000,7.9614,26.3011,0.612145
210,256,6,17500,9.5816,27.5039,0.538066
210,256,7,20000,10.2873,28.3314,0.506870
210,256,8,22500,10.7080,29.5243,0.483503
210,256,9,25000,11.2588,34.1389,0.500283
210,256,10,27500,10.1640,32.3216,0.579488
210,256,11,30000,10.0512,28.9211,0.551722
210,256,12,32500,9.6512,28.4890,0.561595
210,256,13,35000,9.2182,28.9060,0.573699
245,224,0,2500,9.3021,27.7115,0.578440
245,224,1,5000,8.8804,23.1958,0.588515
245,224,2,7500,9.1275,25.8900,0.565261
245,224,3,10000,9.6431,29.6295,0.563541
245,224,4,12500,7.8792,23.8317,0.590827
245,224,5,15000,7.8938,25.8382,0.615291
245,224,6,17500,9.5582,27.4243,0.540270
245,224,7,20000,10.2608,28.3349,0.508054
245,224,8,22500,10.7361,29.5302,0.481547
245,224,9,25000,11.2740,34.1991,0.500834
245,224,10,27500,10.1521,32.2568,0.581624
245,224,11,30000,10.0161,28.8923,0.555517
245,224,12,32500,9.6074,28.3199,0.567490
245,224,13,35000,9.1585,28.3841,0.577346
147,179,0,2500,9.4343,28.4881,0.567555
147,179,1,5000,8.9870,23.5656,0.579025
147,179,2,7500,9.1891,26.1828,0.556829
147,179,3,10000,9.7544,30.1517,0.553699
147,179,4,12500,7.9613,24.3329,0.583240
147,179,5,15000,8.1853,27.1952,0.594884
147,179,6,17500,9.7594,28.3263,0.525794
147,179,7,20000,10.3964,28.9862,0.498334
147,179,8,22500,10.7639,29.8131,0.474952
147,179,9,25000,11.3035,34.5396,0.496029
147,179,10,27500,10.2218,32.8058,0.574976
147,179,11,30000,10.1252,29.1642,0.544509
147,179,12,32500,9.7754,28.9506,0.550986
147,179,13,35000,9.3552,29.3990,0.563796
122,149,0,2500,9.5322,28.7187,0.560794
122,149,1,5000,9.0665,23.8910,0.570802
122,149,2,7500,9.2957,26.4993,0.548998
122,149,3,10000,9.7801,30.2289,0.551253
122,149,4,12500,8.0128,24.5803,0.578916
122,149,5,15000,8.3288,27.8675,0.585474
122,149,6,17500,9.9396,29.0301,0.515155
122,149,7,20000,10.4707,29.4677,0.493132
122,149,8,22500,10.8648,30.2751,0.469677
122,149,9,25000,11.3503,34.5015,0.492228
122,149,10,27500,10.3001,33.4558,0.571751
122,149,11,30000,10.1901,29.7603,0.541139
122,149,12,32500,9.8396,29.1642,0.547685
122,149,13,35000,9.5133,30.2535,0.555087
